acc,Acholeplasmatales,Acidaminococcales,Acidilobales,Acidobacteriales,Actinomycetales,Aeromonadales,Alteromonadales,Anaerolineales,Anaeroplasmatales,Aquificales,Arenicellales,Bacillales,Bacteroidales,Balneolales,Bifidobacteriales,Blastocatellales,Brachyspirales,Bradymonadales,Burkholderiales,Campylobacterales,Cardiobacteriales,Caulobacterales,Cellvibrionales,Chitinophagales,Chlamydiales,Chloroflexales,Chromatiales,Chthonomonadales,Coriobacteriales,Corynebacteriales,Cytophagales,Deferribacterales,Deinococcales,Desulfovibrionales,Desulfuromonadales,Eggerthellales,Enterobacterales,Erysipelotrichales,Eubacteriales,Flavobacteriales,Fusobacteriales,Gaiellales,Geodermatophilales,Glycomycetales,Halanaerobiales,Hyphomicrobiales,Isosphaerales,Jiangellales,Kineosporiales,Kosmotogales,Lactobacillales,Legionellales,Leptospirales,Maricaulales,Marinilabiliales,Methanobacteriales,Methanomassiliicoccales,Methanosarcinales,Methylococcales,Micrococcales,Micromonosporales,Mycoplasmatales,Myxococcales,Neisseriales,Nevskiales,Nitrosomonadales,Nitrososphaerales,Nitrospirales,Nostocales,Oceanospirillales,Opitutales,Oscillatoriales,Pasteurellales,Pirellulales,Propionibacteriales,Pseudomonadales,Pseudonocardiales,Puniceicoccales,Rhodobacterales,Rhodocyclales,Rhodospirillales,Rickettsiales,Rubrobacterales,Saprospirales,Selenomonadales,Silvanigrellales,Solirubrobacterales,Sphingobacteriales,Sphingomonadales,Spirochaetales,Streptomycetales,Streptosporangiales,Synergistales,Syntrophobacterales,Thermales,Thermodesulfobacteriales,Thiotrichales,Tissierellales,Veillonellales,Verrucomicrobiales,Vibrionales,Victivallales,Xanthomonadales,class
SRR17641728,0.0,554.0,0.0,0.0,0.0,738.0,0.0,0.0,0.0,0.0,0.0,1.0,7705.0,0.0,22.0,0.0,0.0,0.0,115.0,0.0,0.0,0.0,0.0,0.0,0.0,0.0,0.0,0.0,115.0,0.0,0.0,0.0,0.0,0.0,0.0,11.0,808.0,17.0,469.0,0.0,302.0,0.0,0.0,0.0,0.0,0.0,0.0,0.0,0.0,0.0,158.0,0.0,0.0,0.0,0.0,0.0,0.0,0.0,3.0,0.0,0.0,0.0,0.0,0.0,0.0,0.0,0.0,0.0,0.0,0.0,0.0,0.0,2.0,0.0,0.0,0.0,0.0,0.0,0.0,1.0,0.0,0.0,0.0,0.0,6561.0,0.0,0.0,0.0,0.0,0.0,0.0,0.0,0.0,0.0,0.0,0.0,0.0,0.0,2499.0,11.0,0.0,0.0,1.0,0
SRR17641729,0.0,541.0,0.0,0.0,0.0,21.0,0.0,0.0,0.0,0.0,0.0,0.0,476.0,0.0,26.0,0.0,0.0,0.0,42.0,0.0,0.0,0.0,0.0,0.0,0.0,0.0,0.0,0.0,787.0,0.0,0.0,0.0,0.0,27.0,0.0,2.0,133.0,96.0,2567.0,0.0,8.0,0.0,0.0,0.0,0.0,0.0,0.0,0.0,0.0,0.0,213.0,0.0,0.0,0.0,0.0,0.0,0.0,0.0,0.0,0.0,0.0,0.0,0.0,0.0,0.0,0.0,0.0,0.0,0.0,1.0,0.0,0.0,1.0,0.0,0.0,0.0,0.0,0.0,0.0,0.0,0.0,0.0,0.0,0.0,0.0,0.0,0.0,0.0,0.0,0.0,0.0,0.0,0.0,0.0,0.0,0.0,0.0,0.0,7975.0,63.0,4.0,0.0,1.0,0
SRR17641730,0.0,2317.0,0.0,0.0,0.0,0.0,0.0,0.0,0.0,0.0,0.0,0.0,35534.0,0.0,108.0,0.0,0.0,0.0,364.0,0.0,0.0,0.0,0.0,0.0,0.0,0.0,0.0,0.0,0.0,0.0,0.0,0.0,0.0,0.0,0.0,6.0,81.0,32.0,3827.0,0.0,3.0,0.0,0.0,0.0,0.0,0.0,0.0,0.0,0.0,0.0,322.0,0.0,0.0,0.0,0.0,0.0,0.0,0.0,0.0,0.0,0.0,0.0,0.0,0.0,0.0,0.0,0.0,0.0,0.0,0.0,0.0,0.0,11.0,0.0,0.0,2.0,0.0,0.0,1.0,0.0,1.0,0.0,0.0,0.0,2.0,0.0,0.0,0.0,0.0,0.0,0.0,0.0,0.0,0.0,0.0,0.0,0.0,0.0,42.0,11.0,0.0,0.0,1.0,0
SRR17641731,0.0,117.0,0.0,0.0,0.0,0.0,0.0,0.0,0.0,0.0,0.0,1.0,16303.0,0.0,625.0,0.0,0.0,0.0,1305.0,0.0,0.0,0.0,0.0,0.0,0.0,0.0,0.0,0.0,444.0,2.0,0.0,0.0,0.0,1.0,0.0,30.0,161.0,64.0,7931.0,0.0,24.0,0.0,0.0,0.0,0.0,0.0,0.0,0.0,0.0,0.0,72.0,0.0,0.0,0.0,0.0,0.0,0.0,0.0,0.0,0.0,0.0,0.0,0.0,0.0,0.0,0.0,0.0,0.0,0.0,0.0,0.0,0.0,18.0,0.0,0.0,0.0,0.0,0.0,0.0,0.0,0.0,0.0,0.0,0.0,0.0,0.0,0.0,0.0,4.0,0.0,0.0,0.0,0.0,0.0,0.0,0.0,0.0,0.0,9.0,3.0,0.0,0.0,0.0,1
SRR17641732,0.0,221.0,0.0,0.0,1.0,0.0,0.0,0.0,0.0,0.0,0.0,3.0,17194.0,0.0,1111.0,0.0,0.0,0.0,45.0,0.0,0.0,0.0,0.0,0.0,0.0,0.0,0.0,0.0,568.0,0.0,0.0,0.0,0.0,0.0,0.0,65.0,195.0,170.0,8587.0,0.0,5.0,0.0,0.0,0.0,0.0,0.0,0.0,0.0,0.0,0.0,2845.0,0.0,0.0,0.0,0.0,0.0,0.0,0.0,0.0,1.0,0.0,0.0,0.0,0.0,0.0,0.0,0.0,0.0,0.0,0.0,0.0,0.0,0.0,0.0,0.0,0.0,0.0,0.0,0.0,0.0,0.0,0.0,0.0,0.0,0.0,0.0,0.0,0.0,5.0,0.0,0.0,0.0,0.0,0.0,0.0,0.0,0.0,0.0,207.0,910.0,0.0,0.0,0.0,1
SRR17641733,0.0,2087.0,0.0,0.0,0.0,0.0,0.0,0.0,0.0,0.0,0.0,2.0,26379.0,0.0,730.0,1.0,0.0,0.0,93.0,0.0,0.0,0.0,0.0,0.0,0.0,0.0,0.0,0.0,1328.0,0.0,0.0,0.0,0.0,0.0,0.0,33.0,276.0,81.0,4257.0,0.0,20.0,0.0,0.0,0.0,0.0,0.0,0.0,0.0,0.0,0.0,937.0,0.0,0.0,0.0,0.0,0.0,0.0,0.0,0.0,0.0,0.0,0.0,0.0,0.0,0.0,0.0,0.0,0.0,0.0,0.0,0.0,0.0,0.0,0.0,0.0,1.0,0.0,0.0,0.0,0.0,0.0,0.0,0.0,0.0,0.0,0.0,0.0,0.0,23.0,0.0,0.0,0.0,0.0,0.0,0.0,0.0,0.0,0.0,105.0,8009.0,0.0,0.0,0.0,1
SRR17641734,0.0,23.0,0.0,6.0,0.0,0.0,0.0,0.0,0.0,0.0,0.0,1.0,27603.0,0.0,18.0,1.0,0.0,0.0,66.0,0.0,0.0,0.0,0.0,0.0,0.0,0.0,0.0,0.0,449.0,0.0,2.0,0.0,0.0,1.0,0.0,9.0,721.0,94.0,1066.0,0.0,9.0,0.0,0.0,0.0,0.0,2.0,0.0,0.0,0.0,0.0,13.0,0.0,0.0,0.0,0.0,3.0,2.0,0.0,0.0,1.0,0.0,0.0,0.0,0.0,0.0,0.0,0.0,0.0,0.0,1.0,0.0,0.0,1.0,0.0,1.0,0.0,0.0,0.0,1.0,0.0,2.0,0.0,0.0,0.0,0.0,0.0,0.0,0.0,2.0,0.0,0.0,0.0,0.0,0.0,0.0,0.0,0.0,0.0,3851.0,11.0,0.0,8.0,0.0,1
SRR17641735,0.0,1143.0,0.0,0.0,2.0,0.0,1.0,0.0,0.0,0.0,0.0,0.0,19686.0,0.0,413.0,0.0,0.0,0.0,1227.0,0.0,0.0,0.0,0.0,0.0,0.0,0.0,0.0,0.0,2983.0,2.0,0.0,0.0,0.0,320.0,0.0,752.0,675.0,163.0,5680.0,0.0,29.0,0.0,0.0,0.0,0.0,0.0,0.0,0.0,0.0,0.0,134.0,0.0,0.0,0.0,0.0,1.0,0.0,0.0,0.0,1.0,0.0,0.0,0.0,0.0,0.0,1.0,0.0,0.0,0.0,0.0,0.0,0.0,5.0,0.0,0.0,2.0,0.0,0.0,0.0,0.0,0.0,0.0,0.0,0.0,0.0,0.0,0.0,0.0,1.0,0.0,0.0,0.0,12.0,0.0,0.0,0.0,0.0,0.0,4.0,11.0,0.0,0.0,0.0,1
SRR17641736,0.0,1703.0,0.0,0.0,2.0,0.0,0.0,0.0,0.0,0.0,0.0,4.0,18318.0,1.0,0.0,0.0,0.0,0.0,1.0,0.0,0.0,0.0,0.0,0.0,0.0,0.0,0.0,0.0,567.0,0.0,1.0,0.0,0.0,2.0,0.0,348.0,1680.0,48.0,1257.0,0.0,798.0,0.0,0.0,0.0,0.0,0.0,0.0,0.0,0.0,0.0,13.0,0.0,0.0,0.0,0.0,0.0,0.0,0.0,0.0,0.0,1.0,0.0,0.0,0.0,0.0,0.0,0.0,0.0,0.0,0.0,0.0,0.0,1.0,0.0,0.0,0.0,0.0,0.0,0.0,0.0,0.0,0.0,0.0,0.0,1.0,0.0,0.0,0.0,0.0,0.0,0.0,0.0,0.0,1.0,0.0,0.0,0.0,0.0,59.0,5.0,0.0,0.0,0.0,1
SRR17641737,0.0,73.0,0.0,0.0,1.0,0.0,0.0,0.0,0.0,0.0,0.0,5.0,20149.0,0.0,26.0,0.0,0.0,0.0,391.0,0.0,0.0,0.0,0.0,0.0,0.0,0.0,0.0,0.0,470.0,2.0,0.0,0.0,0.0,4.0,0.0,52.0,2572.0,14.0,3699.0,0.0,15.0,0.0,0.0,0.0,0.0,7.0,0.0,0.0,0.0,0.0,18.0,0.0,0.0,0.0,0.0,0.0,0.0,0.0,0.0,0.0,0.0,0.0,0.0,0.0,0.0,0.0,0.0,0.0,0.0,4.0,0.0,0.0,1.0,0.0,0.0,1.0,0.0,0.0,0.0,0.0,0.0,0.0,0.0,0.0,842.0,0.0,0.0,0.0,0.0,0.0,0.0,0.0,0.0,0.0,0.0,0.0,0.0,1.0,129.0,1.0,0.0,0.0,0.0,1
SRR17641738,0.0,1329.0,0.0,0.0,0.0,0.0,0.0,0.0,0.0,0.0,0.0,0.0,5786.0,0.0,36.0,0.0,1.0,0.0,407.0,10.0,0.0,0.0,0.0,0.0,0.0,0.0,0.0,0.0,352.0,0.0,0.0,1.0,0.0,801.0,0.0,11.0,47.0,194.0,6656.0,0.0,0.0,0.0,0.0,0.0,0.0,1.0,0.0,0.0,1.0,0.0,169.0,0.0,0.0,1.0,0.0,7.0,0.0,0.0,0.0,0.0,0.0,0.0,0.0,0.0,0.0,0.0,0.0,0.0,0.0,0.0,0.0,0.0,0.0,0.0,0.0,0.0,0.0,2.0,0.0,0.0,1.0,0.0,0.0,0.0,276.0,0.0,0.0,1.0,0.0,0.0,0.0,0.0,10.0,0.0,0.0,0.0,0.0,2.0,6.0,172.0,0.0,10.0,0.0,0
SRR17641739,0.0,456.0,0.0,1.0,0.0,0.0,2.0,0.0,0.0,0.0,0.0,0.0,19737.0,0.0,3.0,0.0,0.0,0.0,112.0,0.0,0.0,0.0,0.0,0.0,0.0,0.0,0.0,0.0,26.0,0.0,0.0,0.0,0.0,470.0,0.0,4.0,78.0,42.0,3065.0,0.0,0.0,0.0,0.0,0.0,0.0,4.0,0.0,0.0,0.0,0.0,4.0,0.0,0.0,0.0,0.0,0.0,0.0,0.0,0.0,0.0,0.0,0.0,0.0,0.0,0.0,0.0,0.0,0.0,0.0,4.0,0.0,0.0,0.0,0.0,0.0,0.0,0.0,0.0,0.0,0.0,2.0,0.0,0.0,0.0,0.0,0.0,0.0,0.0,0.0,0.0,0.0,0.0,0.0,0.0,0.0,0.0,0.0,0.0,1429.0,0.0,0.0,0.0,0.0,1
SRR17641740,0.0,85.0,0.0,0.0,1.0,0.0,0.0,0.0,0.0,0.0,0.0,0.0,30634.0,0.0,46.0,0.0,0.0,0.0,42.0,0.0,0.0,0.0,0.0,3.0,0.0,0.0,0.0,0.0,388.0,0.0,1.0,0.0,0.0,12.0,0.0,24.0,556.0,56.0,2588.0,1.0,1955.0,0.0,0.0,0.0,0.0,0.0,0.0,0.0,0.0,0.0,18.0,0.0,0.0,0.0,0.0,0.0,0.0,0.0,0.0,0.0,0.0,0.0,0.0,0.0,0.0,0.0,0.0,0.0,0.0,0.0,0.0,0.0,0.0,0.0,0.0,3.0,0.0,0.0,0.0,0.0,0.0,0.0,0.0,0.0,812.0,0.0,0.0,4.0,1.0,0.0,0.0,0.0,1.0,0.0,0.0,0.0,0.0,0.0,16.0,0.0,0.0,0.0,4.0,1
SRR17641741,0.0,130.0,0.0,0.0,0.0,0.0,0.0,0.0,0.0,0.0,0.0,2.0,29770.0,0.0,39.0,0.0,0.0,0.0,375.0,0.0,0.0,0.0,0.0,0.0,0.0,0.0,0.0,0.0,231.0,0.0,0.0,0.0,0.0,1.0,0.0,26.0,54.0,47.0,1339.0,0.0,1721.0,0.0,0.0,0.0,0.0,5.0,0.0,0.0,0.0,0.0,18.0,0.0,0.0,1.0,0.0,0.0,0.0,0.0,0.0,1.0,0.0,0.0,0.0,0.0,0.0,0.0,0.0,0.0,0.0,4.0,0.0,0.0,0.0,0.0,0.0,0.0,0.0,0.0,1.0,0.0,0.0,0.0,0.0,0.0,78.0,0.0,0.0,0.0,0.0,0.0,0.0,1.0,0.0,0.0,0.0,0.0,0.0,0.0,3.0,0.0,0.0,0.0,0.0,1
SRR17641742,0.0,16.0,0.0,0.0,0.0,672.0,2.0,0.0,0.0,0.0,0.0,1.0,21181.0,0.0,0.0,0.0,0.0,0.0,220.0,0.0,0.0,0.0,0.0,0.0,0.0,0.0,0.0,0.0,82.0,0.0,0.0,0.0,0.0,929.0,0.0,3.0,2421.0,27.0,4262.0,1.0,0.0,0.0,0.0,0.0,0.0,1.0,0.0,0.0,0.0,0.0,4.0,0.0,0.0,0.0,0.0,0.0,0.0,0.0,0.0,1.0,0.0,0.0,0.0,0.0,0.0,0.0,0.0,0.0,0.0,0.0,0.0,0.0,5.0,0.0,0.0,1.0,0.0,0.0,0.0,0.0,0.0,0.0,0.0,0.0,51.0,0.0,0.0,0.0,0.0,1.0,0.0,0.0,0.0,0.0,0.0,0.0,0.0,0.0,6.0,0.0,0.0,0.0,0.0,1
SRR17641743,0.0,401.0,0.0,0.0,0.0,1.0,0.0,0.0,0.0,0.0,0.0,3.0,9104.0,0.0,38.0,0.0,0.0,0.0,1040.0,0.0,0.0,0.0,1.0,0.0,0.0,0.0,0.0,1.0,126.0,0.0,0.0,0.0,0.0,6.0,0.0,4.0,11271.0,7.0,2500.0,0.0,1.0,0.0,0.0,0.0,0.0,9.0,0.0,0.0,0.0,0.0,7.0,0.0,0.0,0.0,0.0,0.0,0.0,0.0,0.0,2.0,0.0,0.0,0.0,0.0,0.0,0.0,1.0,0.0,0.0,34.0,0.0,0.0,0.0,0.0,0.0,1.0,0.0,0.0,0.0,0.0,0.0,0.0,0.0,0.0,16.0,0.0,0.0,0.0,0.0,0.0,0.0,3.0,0.0,0.0,0.0,0.0,1.0,0.0,5.0,0.0,0.0,0.0,0.0,1
SRR17641744,0.0,807.0,0.0,8.0,2.0,0.0,0.0,0.0,0.0,0.0,0.0,0.0,16532.0,0.0,40.0,0.0,0.0,0.0,117.0,0.0,0.0,0.0,0.0,0.0,0.0,0.0,0.0,0.0,100.0,0.0,0.0,0.0,0.0,0.0,0.0,20.0,2878.0,9.0,2798.0,0.0,1.0,0.0,0.0,0.0,0.0,3.0,0.0,0.0,0.0,0.0,6.0,0.0,0.0,0.0,0.0,0.0,4.0,0.0,0.0,1.0,0.0,0.0,0.0,0.0,0.0,0.0,1.0,0.0,0.0,0.0,0.0,0.0,36.0,0.0,0.0,0.0,0.0,0.0,0.0,0.0,0.0,0.0,0.0,0.0,1357.0,0.0,0.0,0.0,1.0,0.0,0.0,2.0,0.0,0.0,0.0,0.0,0.0,0.0,1111.0,2.0,0.0,0.0,0.0,1
SRR17641745,0.0,179.0,0.0,0.0,0.0,0.0,0.0,0.0,0.0,0.0,0.0,0.0,5233.0,0.0,39.0,0.0,0.0,0.0,104.0,0.0,0.0,0.0,0.0,0.0,0.0,0.0,0.0,0.0,3.0,0.0,0.0,0.0,0.0,0.0,0.0,10.0,10416.0,6.0,1425.0,0.0,0.0,0.0,0.0,0.0,0.0,0.0,0.0,0.0,0.0,0.0,27.0,0.0,0.0,0.0,0.0,0.0,0.0,0.0,0.0,1.0,0.0,0.0,0.0,0.0,0.0,0.0,0.0,0.0,0.0,1.0,0.0,0.0,1.0,0.0,0.0,0.0,0.0,0.0,0.0,0.0,0.0,0.0,0.0,0.0,2.0,0.0,0.0,0.0,0.0,0.0,0.0,0.0,0.0,0.0,0.0,0.0,0.0,0.0,14.0,0.0,0.0,0.0,0.0,1
SRR17641746,0.0,355.0,0.0,0.0,0.0,0.0,0.0,0.0,0.0,0.0,0.0,1.0,26287.0,0.0,7.0,0.0,0.0,0.0,1023.0,0.0,0.0,0.0,0.0,5.0,0.0,0.0,0.0,0.0,735.0,0.0,0.0,0.0,0.0,1024.0,0.0,22.0,1056.0,54.0,3227.0,0.0,0.0,0.0,0.0,1.0,0.0,5.0,0.0,0.0,0.0,0.0,5.0,0.0,0.0,0.0,0.0,0.0,0.0,0.0,0.0,1.0,0.0,0.0,1.0,0.0,0.0,0.0,0.0,0.0,0.0,1.0,0.0,0.0,1.0,0.0,0.0,12.0,0.0,0.0,0.0,0.0,0.0,0.0,0.0,0.0,0.0,0.0,0.0,0.0,0.0,0.0,0.0,0.0,0.0,1.0,0.0,0.0,1.0,0.0,1.0,0.0,0.0,0.0,5.0,1
SRR17641747,0.0,64.0,0.0,0.0,0.0,0.0,0.0,0.0,0.0,0.0,0.0,0.0,16679.0,0.0,3.0,0.0,0.0,0.0,11.0,13.0,0.0,0.0,0.0,2.0,0.0,0.0,0.0,0.0,45.0,0.0,0.0,0.0,0.0,0.0,0.0,0.0,1098.0,59.0,13865.0,0.0,0.0,0.0,0.0,0.0,0.0,1.0,0.0,0.0,0.0,0.0,289.0,0.0,0.0,1.0,0.0,0.0,0.0,0.0,0.0,0.0,0.0,0.0,0.0,0.0,0.0,0.0,0.0,0.0,0.0,0.0,0.0,0.0,41.0,0.0,0.0,0.0,0.0,0.0,0.0,0.0,1.0,0.0,0.0,0.0,0.0,0.0,0.0,0.0,0.0,0.0,0.0,0.0,0.0,0.0,0.0,0.0,0.0,0.0,56.0,0.0,0.0,0.0,0.0,1
SRR17641748,0.0,67.0,0.0,0.0,1.0,0.0,0.0,0.0,0.0,0.0,0.0,1.0,4631.0,0.0,135.0,0.0,0.0,0.0,207.0,0.0,0.0,0.0,1.0,0.0,0.0,0.0,0.0,0.0,730.0,1.0,0.0,0.0,0.0,0.0,0.0,94.0,28.0,137.0,6988.0,0.0,24.0,0.0,0.0,0.0,0.0,1.0,0.0,0.0,0.0,0.0,46.0,0.0,0.0,0.0,0.0,0.0,0.0,0.0,0.0,0.0,0.0,0.0,0.0,0.0,0.0,0.0,0.0,0.0,0.0,0.0,0.0,0.0,0.0,0.0,0.0,0.0,0.0,0.0,0.0,0.0,1.0,0.0,0.0,0.0,0.0,0.0,0.0,0.0,0.0,0.0,0.0,0.0,0.0,0.0,0.0,0.0,0.0,0.0,5433.0,0.0,0.0,0.0,0.0,1
SRR17641749,0.0,22.0,1.0,0.0,0.0,0.0,0.0,1.0,0.0,0.0,0.0,3.0,10221.0,0.0,117.0,0.0,0.0,1.0,114.0,0.0,0.0,0.0,0.0,229.0,0.0,0.0,0.0,0.0,342.0,2.0,2.0,0.0,0.0,0.0,2.0,9.0,7.0,99.0,4713.0,0.0,10.0,1.0,2.0,0.0,0.0,1.0,0.0,1.0,0.0,0.0,38.0,0.0,0.0,0.0,0.0,2.0,0.0,4.0,0.0,9.0,1.0,0.0,0.0,0.0,0.0,0.0,113.0,1.0,0.0,2.0,0.0,0.0,4.0,0.0,12.0,1.0,4.0,0.0,0.0,0.0,2.0,0.0,0.0,1.0,0.0,1.0,0.0,0.0,50.0,0.0,5.0,0.0,0.0,0.0,0.0,0.0,0.0,1.0,5373.0,0.0,0.0,0.0,0.0,1
SRR17641750,0.0,431.0,0.0,0.0,0.0,25.0,0.0,0.0,0.0,0.0,1.0,0.0,8504.0,0.0,32.0,0.0,0.0,0.0,135.0,0.0,0.0,0.0,0.0,13.0,0.0,0.0,0.0,0.0,162.0,0.0,0.0,0.0,0.0,198.0,0.0,10.0,90.0,26.0,3716.0,0.0,2.0,0.0,0.0,0.0,0.0,0.0,0.0,0.0,0.0,0.0,85.0,0.0,0.0,0.0,0.0,278.0,0.0,1.0,0.0,0.0,0.0,0.0,0.0,0.0,0.0,0.0,13.0,0.0,0.0,0.0,0.0,0.0,47.0,0.0,0.0,0.0,0.0,0.0,0.0,0.0,0.0,0.0,0.0,0.0,3.0,0.0,0.0,0.0,0.0,0.0,0.0,0.0,28.0,0.0,0.0,0.0,0.0,0.0,764.0,4.0,0.0,0.0,0.0,1
SRR17641751,0.0,158.0,0.0,0.0,0.0,0.0,0.0,0.0,0.0,0.0,0.0,0.0,23462.0,0.0,2.0,0.0,0.0,0.0,337.0,1.0,0.0,0.0,0.0,0.0,0.0,0.0,0.0,0.0,29.0,0.0,0.0,0.0,0.0,1.0,0.0,13.0,88.0,22.0,2204.0,0.0,1.0,0.0,0.0,0.0,0.0,1.0,0.0,0.0,0.0,0.0,2.0,0.0,0.0,0.0,0.0,0.0,0.0,0.0,0.0,1.0,0.0,0.0,0.0,0.0,0.0,0.0,0.0,0.0,0.0,0.0,0.0,0.0,2.0,0.0,0.0,0.0,0.0,0.0,0.0,0.0,0.0,0.0,0.0,0.0,0.0,0.0,0.0,0.0,0.0,0.0,0.0,0.0,0.0,0.0,0.0,0.0,0.0,0.0,0.0,0.0,0.0,0.0,0.0,1
SRR17641752,0.0,566.0,0.0,0.0,0.0,0.0,0.0,0.0,0.0,0.0,0.0,0.0,16761.0,0.0,193.0,0.0,0.0,0.0,711.0,0.0,0.0,0.0,0.0,0.0,0.0,0.0,0.0,0.0,342.0,0.0,0.0,0.0,0.0,0.0,0.0,13.0,139.0,62.0,7214.0,0.0,0.0,0.0,0.0,0.0,0.0,1.0,0.0,0.0,0.0,0.0,200.0,0.0,0.0,0.0,0.0,0.0,0.0,0.0,0.0,0.0,0.0,0.0,0.0,0.0,0.0,0.0,0.0,0.0,0.0,0.0,0.0,0.0,1.0,0.0,0.0,0.0,0.0,0.0,0.0,0.0,1.0,0.0,0.0,0.0,2905.0,0.0,0.0,0.0,2.0,0.0,0.0,0.0,0.0,0.0,0.0,0.0,0.0,0.0,1.0,0.0,0.0,0.0,0.0,1
SRR17641753,0.0,38.0,0.0,0.0,0.0,0.0,0.0,0.0,0.0,1.0,0.0,1.0,6444.0,0.0,12.0,0.0,0.0,0.0,174.0,8.0,1.0,0.0,0.0,0.0,0.0,0.0,0.0,0.0,44.0,0.0,0.0,1.0,0.0,122.0,0.0,4.0,626.0,291.0,4808.0,0.0,0.0,0.0,0.0,0.0,0.0,0.0,0.0,0.0,0.0,0.0,521.0,0.0,0.0,1.0,0.0,0.0,0.0,0.0,0.0,1.0,0.0,0.0,0.0,0.0,0.0,0.0,0.0,0.0,0.0,0.0,0.0,0.0,0.0,0.0,0.0,0.0,0.0,0.0,0.0,0.0,0.0,0.0,0.0,0.0,0.0,0.0,0.0,0.0,0.0,0.0,0.0,0.0,3.0,0.0,0.0,0.0,0.0,3.0,307.0,77.0,0.0,0.0,0.0,1
SRR17641754,0.0,76.0,0.0,0.0,3.0,0.0,0.0,0.0,0.0,0.0,0.0,5.0,10632.0,0.0,2.0,0.0,0.0,0.0,111.0,0.0,2.0,0.0,0.0,0.0,0.0,0.0,0.0,0.0,36.0,0.0,0.0,0.0,0.0,20.0,0.0,17.0,939.0,151.0,10426.0,1.0,0.0,0.0,0.0,0.0,0.0,0.0,0.0,0.0,0.0,0.0,1074.0,0.0,0.0,1.0,0.0,0.0,0.0,0.0,0.0,14.0,1.0,0.0,0.0,0.0,0.0,0.0,0.0,0.0,0.0,0.0,0.0,0.0,343.0,0.0,0.0,0.0,0.0,0.0,0.0,0.0,0.0,0.0,0.0,0.0,0.0,0.0,0.0,0.0,0.0,0.0,0.0,0.0,0.0,0.0,0.0,0.0,0.0,1.0,359.0,6.0,0.0,0.0,0.0,1
SRR17641755,0.0,106.0,0.0,0.0,0.0,5.0,0.0,0.0,0.0,0.0,0.0,2.0,30120.0,0.0,9.0,0.0,0.0,0.0,88.0,0.0,0.0,0.0,0.0,1.0,0.0,0.0,0.0,0.0,66.0,0.0,0.0,0.0,0.0,0.0,0.0,2.0,156.0,16.0,8531.0,0.0,1655.0,0.0,0.0,0.0,0.0,0.0,0.0,0.0,0.0,0.0,115.0,0.0,0.0,0.0,0.0,0.0,0.0,0.0,0.0,0.0,1.0,0.0,0.0,0.0,0.0,0.0,0.0,0.0,0.0,0.0,0.0,0.0,36.0,0.0,0.0,0.0,0.0,0.0,0.0,0.0,0.0,0.0,0.0,0.0,1352.0,0.0,0.0,0.0,0.0,0.0,0.0,0.0,1.0,0.0,0.0,0.0,0.0,0.0,11.0,0.0,0.0,0.0,0.0,1
SRR17641756,0.0,3946.0,0.0,0.0,3.0,0.0,0.0,0.0,0.0,0.0,0.0,1.0,7052.0,0.0,5.0,0.0,0.0,0.0,384.0,0.0,0.0,0.0,0.0,0.0,0.0,0.0,0.0,0.0,29.0,0.0,0.0,0.0,0.0,0.0,0.0,0.0,3750.0,22.0,2396.0,1.0,5.0,0.0,0.0,0.0,0.0,0.0,0.0,0.0,0.0,0.0,1565.0,0.0,0.0,0.0,0.0,0.0,0.0,0.0,0.0,3.0,0.0,0.0,0.0,0.0,0.0,0.0,0.0,0.0,0.0,0.0,0.0,0.0,14.0,0.0,0.0,2.0,0.0,0.0,0.0,0.0,0.0,0.0,0.0,1.0,10037.0,0.0,0.0,0.0,0.0,0.0,0.0,0.0,0.0,0.0,0.0,0.0,0.0,0.0,318.0,5.0,0.0,0.0,0.0,1
SRR17641757,0.0,230.0,0.0,0.0,1.0,1.0,0.0,0.0,0.0,0.0,0.0,0.0,15097.0,0.0,34.0,0.0,0.0,0.0,71.0,3.0,2.0,0.0,0.0,0.0,0.0,0.0,0.0,0.0,77.0,0.0,0.0,1.0,0.0,9.0,0.0,0.0,99.0,8.0,734.0,0.0,0.0,0.0,0.0,0.0,0.0,0.0,0.0,0.0,0.0,0.0,667.0,0.0,0.0,1.0,0.0,0.0,0.0,0.0,0.0,1.0,0.0,0.0,0.0,1.0,0.0,0.0,0.0,0.0,0.0,0.0,0.0,0.0,332.0,0.0,0.0,0.0,0.0,0.0,0.0,0.0,0.0,0.0,0.0,0.0,619.0,0.0,0.0,0.0,0.0,0.0,0.0,0.0,0.0,0.0,0.0,0.0,0.0,0.0,2327.0,41.0,0.0,0.0,0.0,1
SRR17641758,0.0,262.0,0.0,0.0,0.0,73.0,0.0,0.0,0.0,0.0,0.0,1.0,21794.0,0.0,72.0,0.0,0.0,0.0,985.0,10.0,0.0,1.0,0.0,0.0,0.0,0.0,0.0,0.0,282.0,0.0,0.0,0.0,0.0,17.0,0.0,1.0,2.0,25.0,2586.0,0.0,0.0,0.0,0.0,0.0,0.0,0.0,0.0,0.0,0.0,0.0,1644.0,0.0,0.0,0.0,0.0,0.0,0.0,0.0,0.0,3.0,0.0,0.0,0.0,0.0,0.0,0.0,1.0,0.0,0.0,0.0,0.0,0.0,162.0,0.0,0.0,0.0,0.0,0.0,0.0,0.0,0.0,0.0,0.0,0.0,475.0,0.0,0.0,0.0,0.0,0.0,0.0,0.0,0.0,0.0,0.0,0.0,0.0,0.0,551.0,36.0,0.0,0.0,0.0,1
SRR17641759,0.0,0.0,0.0,0.0,0.0,0.0,0.0,0.0,0.0,0.0,0.0,0.0,20579.0,0.0,11.0,0.0,0.0,0.0,348.0,1.0,0.0,0.0,0.0,0.0,0.0,0.0,0.0,0.0,1.0,0.0,0.0,0.0,0.0,1.0,0.0,1.0,262.0,5.0,2894.0,1.0,151.0,0.0,0.0,0.0,0.0,0.0,0.0,0.0,0.0,0.0,257.0,0.0,0.0,0.0,0.0,0.0,0.0,0.0,0.0,0.0,0.0,0.0,0.0,0.0,0.0,0.0,0.0,0.0,0.0,0.0,0.0,0.0,5.0,0.0,0.0,0.0,0.0,0.0,0.0,0.0,0.0,0.0,0.0,0.0,0.0,0.0,0.0,0.0,0.0,0.0,0.0,0.0,0.0,0.0,0.0,0.0,0.0,0.0,112.0,0.0,0.0,0.0,0.0,1
SRR17641760,0.0,0.0,0.0,0.0,0.0,0.0,0.0,0.0,0.0,0.0,0.0,0.0,21622.0,0.0,15.0,0.0,0.0,0.0,7523.0,3.0,0.0,0.0,0.0,0.0,0.0,0.0,0.0,0.0,68.0,0.0,0.0,1.0,0.0,1.0,0.0,1.0,21.0,8.0,3050.0,0.0,1579.0,0.0,0.0,0.0,0.0,0.0,0.0,0.0,0.0,0.0,261.0,0.0,0.0,0.0,0.0,0.0,0.0,0.0,0.0,0.0,0.0,0.0,0.0,0.0,0.0,0.0,0.0,0.0,0.0,1.0,0.0,0.0,4.0,0.0,0.0,0.0,0.0,0.0,0.0,0.0,0.0,0.0,0.0,0.0,0.0,0.0,0.0,0.0,0.0,0.0,0.0,0.0,0.0,0.0,0.0,0.0,0.0,0.0,1044.0,0.0,0.0,0.0,0.0,1
SRR17641761,0.0,550.0,0.0,0.0,0.0,0.0,0.0,0.0,0.0,0.0,0.0,1.0,27364.0,0.0,15.0,0.0,0.0,0.0,1457.0,5.0,0.0,0.0,0.0,0.0,0.0,0.0,0.0,0.0,109.0,0.0,0.0,0.0,0.0,3.0,0.0,0.0,400.0,90.0,4894.0,0.0,4.0,0.0,0.0,0.0,0.0,1.0,0.0,0.0,0.0,0.0,91.0,0.0,0.0,0.0,0.0,0.0,0.0,0.0,0.0,0.0,0.0,0.0,0.0,0.0,0.0,0.0,0.0,0.0,0.0,0.0,0.0,0.0,33.0,0.0,0.0,0.0,0.0,0.0,0.0,0.0,0.0,0.0,0.0,0.0,352.0,0.0,0.0,0.0,0.0,0.0,0.0,0.0,0.0,0.0,0.0,0.0,0.0,0.0,89.0,8.0,0.0,0.0,0.0,0
SRR17641762,0.0,95.0,0.0,0.0,0.0,0.0,0.0,0.0,0.0,0.0,0.0,2.0,17858.0,0.0,64.0,0.0,0.0,0.0,719.0,59.0,0.0,0.0,0.0,0.0,0.0,0.0,0.0,0.0,184.0,0.0,0.0,0.0,0.0,0.0,0.0,8.0,97.0,443.0,13020.0,0.0,3.0,0.0,0.0,0.0,0.0,0.0,0.0,0.0,0.0,0.0,739.0,0.0,0.0,0.0,0.0,0.0,0.0,0.0,0.0,1.0,0.0,0.0,0.0,0.0,0.0,0.0,0.0,0.0,0.0,0.0,0.0,0.0,1794.0,0.0,0.0,0.0,0.0,0.0,1.0,1.0,0.0,0.0,0.0,0.0,1.0,0.0,0.0,0.0,0.0,0.0,0.0,0.0,0.0,0.0,0.0,0.0,0.0,0.0,1214.0,0.0,0.0,0.0,1.0,1
SRR17641763,0.0,49.0,0.0,0.0,0.0,0.0,0.0,0.0,0.0,0.0,0.0,0.0,9035.0,0.0,15.0,0.0,0.0,0.0,105.0,217.0,0.0,0.0,0.0,0.0,0.0,0.0,0.0,0.0,48.0,0.0,0.0,0.0,1.0,0.0,0.0,0.0,1103.0,387.0,8206.0,0.0,7.0,0.0,0.0,0.0,0.0,0.0,0.0,0.0,0.0,0.0,753.0,0.0,0.0,0.0,0.0,0.0,0.0,0.0,0.0,9.0,0.0,0.0,0.0,0.0,0.0,0.0,0.0,0.0,0.0,0.0,0.0,0.0,5497.0,0.0,0.0,0.0,0.0,0.0,0.0,0.0,0.0,0.0,0.0,0.0,0.0,0.0,0.0,0.0,0.0,0.0,0.0,0.0,0.0,0.0,0.0,0.0,0.0,0.0,649.0,0.0,0.0,0.0,0.0,1
SRR17641764,0.0,1406.0,0.0,0.0,0.0,0.0,0.0,0.0,0.0,0.0,0.0,0.0,24727.0,0.0,3.0,0.0,0.0,0.0,1046.0,0.0,0.0,0.0,0.0,1.0,0.0,0.0,0.0,0.0,16.0,0.0,0.0,0.0,0.0,8.0,0.0,3.0,172.0,8.0,251.0,0.0,76.0,0.0,0.0,0.0,0.0,0.0,0.0,0.0,0.0,0.0,4.0,0.0,0.0,0.0,0.0,0.0,0.0,0.0,0.0,0.0,0.0,0.0,0.0,0.0,0.0,0.0,0.0,0.0,0.0,1.0,0.0,0.0,0.0,0.0,0.0,0.0,0.0,0.0,0.0,0.0,0.0,0.0,0.0,0.0,0.0,0.0,0.0,0.0,0.0,0.0,0.0,0.0,1.0,0.0,0.0,0.0,0.0,0.0,713.0,284.0,0.0,0.0,1.0,1
SRR17641765,0.0,75.0,0.0,0.0,0.0,0.0,0.0,0.0,0.0,0.0,0.0,1.0,28664.0,0.0,75.0,1.0,0.0,0.0,626.0,2.0,0.0,0.0,0.0,0.0,0.0,0.0,0.0,0.0,169.0,0.0,0.0,0.0,0.0,0.0,0.0,8.0,439.0,4.0,1192.0,0.0,1.0,0.0,0.0,0.0,0.0,0.0,0.0,0.0,0.0,0.0,53.0,0.0,0.0,0.0,0.0,0.0,0.0,0.0,0.0,0.0,0.0,0.0,0.0,0.0,0.0,0.0,0.0,0.0,0.0,0.0,0.0,0.0,101.0,0.0,0.0,0.0,0.0,0.0,0.0,0.0,0.0,0.0,0.0,0.0,16.0,0.0,0.0,0.0,1.0,0.0,0.0,0.0,0.0,0.0,0.0,0.0,0.0,0.0,165.0,1.0,0.0,0.0,0.0,0
SRR17641766,0.0,3.0,0.0,0.0,0.0,0.0,0.0,0.0,0.0,0.0,0.0,1.0,6665.0,0.0,55.0,0.0,0.0,0.0,401.0,0.0,0.0,0.0,0.0,0.0,0.0,1.0,0.0,0.0,713.0,0.0,0.0,0.0,0.0,354.0,0.0,55.0,905.0,771.0,9931.0,0.0,87.0,0.0,0.0,0.0,0.0,0.0,0.0,0.0,0.0,0.0,986.0,0.0,0.0,0.0,0.0,0.0,0.0,0.0,0.0,2.0,0.0,0.0,0.0,0.0,0.0,0.0,0.0,0.0,0.0,0.0,0.0,0.0,10.0,0.0,0.0,0.0,0.0,0.0,1.0,0.0,0.0,0.0,0.0,0.0,1394.0,0.0,0.0,0.0,0.0,0.0,0.0,0.0,3.0,0.0,0.0,0.0,0.0,0.0,78.0,0.0,1.0,0.0,0.0,1
SRR17641767,0.0,1193.0,0.0,0.0,0.0,0.0,0.0,0.0,0.0,0.0,0.0,0.0,28543.0,0.0,43.0,1.0,0.0,0.0,429.0,0.0,0.0,0.0,0.0,1.0,0.0,0.0,0.0,0.0,90.0,0.0,0.0,0.0,0.0,2.0,0.0,12.0,1.0,55.0,7117.0,0.0,1.0,0.0,0.0,0.0,0.0,0.0,0.0,0.0,0.0,0.0,350.0,0.0,0.0,0.0,0.0,1.0,0.0,0.0,0.0,0.0,0.0,0.0,0.0,0.0,0.0,1.0,0.0,0.0,0.0,0.0,0.0,0.0,157.0,0.0,0.0,0.0,0.0,0.0,0.0,0.0,0.0,0.0,0.0,0.0,0.0,0.0,0.0,0.0,0.0,0.0,0.0,0.0,1.0,0.0,0.0,0.0,0.0,0.0,15.0,2.0,0.0,0.0,0.0,1
SRR17641768,0.0,426.0,0.0,0.0,0.0,0.0,0.0,0.0,0.0,0.0,0.0,0.0,40919.0,0.0,1.0,0.0,0.0,0.0,302.0,1.0,0.0,0.0,0.0,0.0,0.0,0.0,0.0,0.0,16.0,0.0,0.0,0.0,0.0,0.0,0.0,0.0,1.0,36.0,4803.0,1.0,0.0,0.0,0.0,0.0,0.0,0.0,0.0,0.0,0.0,0.0,23.0,0.0,0.0,0.0,0.0,2.0,0.0,0.0,0.0,0.0,0.0,0.0,0.0,0.0,0.0,0.0,0.0,0.0,0.0,0.0,0.0,0.0,36.0,0.0,0.0,0.0,1.0,0.0,0.0,0.0,0.0,0.0,0.0,0.0,8.0,0.0,0.0,0.0,0.0,0.0,0.0,0.0,0.0,0.0,0.0,0.0,0.0,0.0,10.0,0.0,0.0,0.0,0.0,1
SRR17641769,0.0,466.0,0.0,0.0,0.0,0.0,0.0,0.0,0.0,0.0,0.0,0.0,20276.0,0.0,27.0,0.0,0.0,0.0,602.0,5.0,0.0,0.0,0.0,0.0,0.0,0.0,0.0,0.0,92.0,0.0,0.0,0.0,0.0,0.0,0.0,25.0,74.0,35.0,2846.0,0.0,0.0,0.0,0.0,0.0,0.0,0.0,0.0,0.0,0.0,0.0,172.0,0.0,0.0,0.0,0.0,0.0,0.0,0.0,0.0,0.0,0.0,0.0,0.0,0.0,0.0,0.0,0.0,0.0,0.0,0.0,0.0,0.0,0.0,0.0,0.0,0.0,0.0,0.0,0.0,0.0,0.0,0.0,0.0,0.0,198.0,0.0,0.0,0.0,0.0,0.0,0.0,0.0,0.0,0.0,0.0,0.0,0.0,0.0,2705.0,0.0,0.0,0.0,0.0,1
SRR17641770,0.0,214.0,0.0,0.0,0.0,0.0,0.0,0.0,0.0,0.0,0.0,0.0,17402.0,1.0,4.0,0.0,0.0,0.0,92.0,1.0,0.0,0.0,0.0,1.0,0.0,0.0,0.0,0.0,122.0,0.0,1.0,0.0,0.0,0.0,0.0,34.0,25.0,108.0,2579.0,1.0,0.0,0.0,0.0,0.0,0.0,0.0,0.0,0.0,0.0,0.0,161.0,0.0,0.0,0.0,0.0,0.0,0.0,0.0,0.0,0.0,0.0,0.0,0.0,0.0,0.0,0.0,0.0,0.0,0.0,0.0,0.0,0.0,12.0,0.0,0.0,0.0,0.0,0.0,1.0,0.0,0.0,0.0,0.0,0.0,48.0,0.0,0.0,0.0,0.0,0.0,0.0,0.0,1.0,0.0,0.0,0.0,0.0,0.0,343.0,1.0,0.0,0.0,0.0,1
SRR17641771,0.0,425.0,0.0,0.0,0.0,0.0,0.0,0.0,0.0,0.0,0.0,1.0,31903.0,0.0,4.0,0.0,0.0,0.0,523.0,0.0,0.0,0.0,0.0,0.0,0.0,0.0,0.0,0.0,1.0,0.0,1.0,0.0,0.0,89.0,0.0,2.0,191.0,20.0,511.0,1.0,30.0,0.0,0.0,0.0,0.0,0.0,0.0,0.0,0.0,0.0,0.0,0.0,0.0,0.0,0.0,0.0,0.0,0.0,0.0,0.0,0.0,0.0,0.0,0.0,0.0,0.0,0.0,0.0,0.0,0.0,0.0,0.0,0.0,0.0,0.0,0.0,0.0,0.0,0.0,0.0,2.0,0.0,0.0,0.0,0.0,0.0,0.0,0.0,0.0,0.0,0.0,0.0,9.0,0.0,0.0,0.0,0.0,1.0,13.0,3706.0,0.0,0.0,0.0,1
SRR17641772,0.0,116.0,0.0,0.0,0.0,0.0,0.0,0.0,0.0,0.0,0.0,0.0,18416.0,0.0,0.0,0.0,0.0,0.0,373.0,0.0,0.0,0.0,0.0,0.0,0.0,0.0,0.0,0.0,29.0,0.0,0.0,0.0,0.0,4.0,0.0,11.0,6.0,267.0,6092.0,0.0,2.0,0.0,0.0,0.0,0.0,0.0,0.0,0.0,0.0,0.0,8.0,0.0,0.0,0.0,0.0,2.0,0.0,0.0,0.0,0.0,0.0,0.0,0.0,0.0,0.0,0.0,0.0,0.0,0.0,0.0,0.0,0.0,5.0,0.0,0.0,0.0,0.0,0.0,0.0,0.0,0.0,0.0,0.0,0.0,0.0,0.0,0.0,0.0,0.0,0.0,0.0,0.0,3.0,0.0,0.0,0.0,0.0,0.0,4.0,0.0,0.0,0.0,1.0,1
SRR17641773,0.0,0.0,0.0,0.0,0.0,1.0,0.0,0.0,0.0,0.0,0.0,1.0,616.0,0.0,1.0,0.0,0.0,0.0,4.0,0.0,0.0,0.0,0.0,0.0,0.0,0.0,0.0,0.0,1.0,0.0,0.0,0.0,0.0,1.0,0.0,0.0,16086.0,2.0,70.0,0.0,0.0,0.0,0.0,0.0,0.0,0.0,0.0,0.0,0.0,0.0,4.0,0.0,0.0,0.0,0.0,0.0,0.0,0.0,1.0,0.0,0.0,0.0,0.0,0.0,0.0,0.0,0.0,0.0,0.0,1.0,0.0,0.0,0.0,0.0,0.0,0.0,0.0,0.0,0.0,0.0,0.0,0.0,0.0,0.0,85.0,0.0,0.0,0.0,0.0,0.0,0.0,0.0,0.0,0.0,0.0,0.0,0.0,0.0,0.0,0.0,0.0,0.0,0.0,1
SRR17641774,0.0,1.0,0.0,0.0,0.0,1.0,0.0,0.0,0.0,0.0,0.0,0.0,24179.0,0.0,30.0,0.0,0.0,0.0,1857.0,2.0,0.0,1.0,0.0,0.0,0.0,0.0,0.0,0.0,71.0,0.0,0.0,0.0,0.0,1.0,0.0,3.0,81.0,15.0,5845.0,0.0,0.0,0.0,0.0,0.0,0.0,1.0,0.0,0.0,0.0,0.0,221.0,0.0,0.0,0.0,0.0,0.0,0.0,0.0,0.0,0.0,1.0,0.0,0.0,0.0,0.0,0.0,1.0,0.0,0.0,0.0,0.0,0.0,141.0,0.0,1.0,0.0,0.0,0.0,0.0,0.0,0.0,0.0,0.0,0.0,139.0,0.0,0.0,0.0,0.0,0.0,0.0,0.0,0.0,0.0,0.0,0.0,0.0,0.0,138.0,0.0,0.0,0.0,0.0,1
SRR17641775,0.0,12.0,0.0,0.0,3.0,0.0,0.0,0.0,0.0,0.0,0.0,4.0,539.0,0.0,305.0,0.0,0.0,0.0,36.0,7.0,0.0,0.0,0.0,63.0,0.0,0.0,0.0,0.0,718.0,0.0,0.0,0.0,0.0,0.0,0.0,13.0,941.0,488.0,14268.0,0.0,3.0,0.0,0.0,0.0,0.0,6.0,0.0,0.0,0.0,0.0,305.0,0.0,0.0,0.0,0.0,2.0,0.0,9.0,0.0,3.0,0.0,0.0,0.0,0.0,0.0,0.0,161.0,0.0,0.0,20.0,0.0,0.0,7.0,0.0,0.0,0.0,0.0,0.0,0.0,0.0,1.0,0.0,0.0,0.0,387.0,0.0,0.0,0.0,0.0,0.0,0.0,0.0,0.0,0.0,0.0,0.0,0.0,2.0,3418.0,0.0,0.0,0.0,0.0,1
SRR17641776,0.0,527.0,1.0,0.0,0.0,0.0,0.0,0.0,0.0,0.0,0.0,0.0,37228.0,0.0,2.0,0.0,0.0,0.0,2856.0,2.0,0.0,0.0,0.0,11.0,0.0,0.0,0.0,0.0,20.0,1.0,0.0,0.0,0.0,1.0,0.0,3.0,71.0,24.0,3112.0,0.0,0.0,0.0,0.0,0.0,0.0,1.0,0.0,0.0,0.0,0.0,8.0,0.0,0.0,0.0,0.0,0.0,0.0,2.0,0.0,0.0,0.0,0.0,0.0,0.0,0.0,0.0,71.0,0.0,0.0,0.0,0.0,0.0,0.0,0.0,1.0,0.0,0.0,0.0,0.0,0.0,0.0,0.0,0.0,0.0,0.0,0.0,0.0,0.0,0.0,0.0,0.0,0.0,0.0,0.0,0.0,0.0,0.0,0.0,23.0,0.0,0.0,0.0,0.0,1
SRR17641777,0.0,37.0,2.0,0.0,0.0,0.0,0.0,0.0,0.0,0.0,0.0,1.0,32247.0,0.0,1.0,0.0,0.0,0.0,36.0,4.0,0.0,0.0,0.0,43.0,0.0,0.0,0.0,0.0,10.0,1.0,1.0,0.0,0.0,0.0,0.0,7.0,3.0,72.0,3603.0,0.0,0.0,0.0,0.0,0.0,0.0,1.0,0.0,0.0,0.0,0.0,17.0,0.0,1.0,0.0,0.0,1.0,0.0,1.0,0.0,0.0,0.0,0.0,0.0,0.0,0.0,0.0,126.0,0.0,0.0,0.0,0.0,0.0,0.0,1.0,0.0,0.0,0.0,0.0,0.0,0.0,0.0,0.0,0.0,0.0,0.0,0.0,0.0,0.0,0.0,0.0,0.0,0.0,0.0,0.0,0.0,0.0,0.0,1.0,20.0,0.0,0.0,0.0,1.0,1
SRR17641778,0.0,384.0,1.0,0.0,0.0,15.0,0.0,0.0,0.0,0.0,0.0,0.0,21481.0,0.0,4.0,0.0,1.0,0.0,362.0,2.0,0.0,0.0,0.0,40.0,0.0,0.0,0.0,0.0,68.0,0.0,0.0,0.0,0.0,117.0,0.0,0.0,62.0,24.0,5447.0,0.0,0.0,0.0,0.0,0.0,0.0,0.0,0.0,0.0,0.0,0.0,95.0,0.0,0.0,0.0,0.0,40.0,0.0,1.0,0.0,0.0,0.0,0.0,0.0,0.0,0.0,0.0,124.0,0.0,0.0,0.0,0.0,0.0,21.0,0.0,0.0,0.0,0.0,0.0,0.0,0.0,0.0,0.0,0.0,0.0,11.0,0.0,0.0,0.0,0.0,0.0,1.0,0.0,8.0,0.0,0.0,0.0,0.0,0.0,447.0,0.0,0.0,0.0,0.0,1
SRR17641779,0.0,43.0,0.0,0.0,0.0,2.0,0.0,0.0,190.0,0.0,0.0,2.0,15649.0,0.0,162.0,0.0,0.0,0.0,563.0,0.0,0.0,0.0,0.0,0.0,0.0,0.0,0.0,0.0,294.0,1.0,0.0,0.0,0.0,605.0,0.0,5.0,88.0,764.0,3956.0,0.0,0.0,0.0,0.0,0.0,0.0,0.0,0.0,0.0,0.0,0.0,25.0,0.0,0.0,0.0,0.0,2.0,1.0,0.0,0.0,0.0,0.0,0.0,0.0,3.0,0.0,0.0,0.0,0.0,0.0,0.0,0.0,0.0,7.0,0.0,0.0,1.0,0.0,0.0,0.0,0.0,0.0,0.0,0.0,0.0,305.0,0.0,0.0,0.0,1.0,0.0,0.0,0.0,7.0,0.0,0.0,0.0,0.0,0.0,585.0,0.0,0.0,5.0,0.0,1
SRR17641780,0.0,0.0,0.0,0.0,0.0,0.0,0.0,0.0,556.0,0.0,0.0,1.0,10664.0,0.0,39.0,0.0,0.0,0.0,20.0,1.0,0.0,0.0,0.0,0.0,0.0,0.0,0.0,0.0,52.0,0.0,1.0,0.0,0.0,0.0,0.0,8.0,315.0,415.0,11795.0,0.0,0.0,0.0,0.0,0.0,0.0,0.0,0.0,0.0,0.0,0.0,398.0,0.0,0.0,0.0,0.0,0.0,0.0,0.0,0.0,0.0,0.0,0.0,0.0,0.0,0.0,0.0,0.0,0.0,0.0,0.0,0.0,0.0,33.0,0.0,0.0,0.0,0.0,0.0,0.0,0.0,0.0,0.0,0.0,0.0,0.0,0.0,0.0,0.0,5.0,0.0,0.0,0.0,0.0,0.0,0.0,1.0,0.0,0.0,59.0,3.0,0.0,0.0,0.0,1
SRR17641781,0.0,33.0,0.0,0.0,0.0,430.0,0.0,0.0,2034.0,0.0,0.0,0.0,14017.0,0.0,616.0,0.0,0.0,0.0,176.0,0.0,0.0,0.0,0.0,0.0,0.0,0.0,0.0,0.0,214.0,0.0,0.0,0.0,0.0,75.0,0.0,22.0,12.0,22.0,4547.0,0.0,0.0,0.0,0.0,0.0,1.0,1.0,0.0,0.0,0.0,0.0,3.0,0.0,0.0,0.0,0.0,36.0,0.0,0.0,0.0,2.0,0.0,0.0,0.0,0.0,0.0,0.0,0.0,0.0,0.0,0.0,1.0,0.0,8.0,0.0,0.0,1.0,0.0,0.0,0.0,0.0,1.0,0.0,1.0,0.0,0.0,0.0,0.0,0.0,0.0,0.0,0.0,0.0,7.0,0.0,0.0,0.0,0.0,0.0,462.0,84.0,0.0,1.0,1.0,1
SRR17641782,0.0,10.0,0.0,0.0,0.0,0.0,0.0,0.0,0.0,0.0,0.0,1.0,5611.0,0.0,65.0,0.0,0.0,0.0,801.0,0.0,0.0,0.0,0.0,0.0,0.0,0.0,0.0,0.0,853.0,0.0,0.0,0.0,0.0,348.0,0.0,12.0,749.0,439.0,6904.0,0.0,231.0,0.0,0.0,0.0,0.0,1.0,0.0,0.0,0.0,0.0,372.0,0.0,0.0,0.0,0.0,2.0,0.0,0.0,1.0,1.0,0.0,0.0,0.0,0.0,0.0,0.0,0.0,0.0,0.0,0.0,0.0,0.0,2.0,0.0,0.0,0.0,0.0,0.0,0.0,0.0,0.0,0.0,0.0,0.0,140.0,0.0,0.0,0.0,0.0,0.0,0.0,0.0,5.0,0.0,0.0,0.0,0.0,0.0,90.0,0.0,1.0,3.0,0.0,0
SRR17641783,0.0,164.0,0.0,4.0,0.0,0.0,0.0,0.0,0.0,0.0,0.0,2.0,20168.0,0.0,2.0,0.0,0.0,0.0,46.0,1.0,0.0,3.0,0.0,0.0,0.0,0.0,2.0,0.0,57.0,0.0,0.0,0.0,0.0,42.0,0.0,6.0,1820.0,25.0,1878.0,0.0,0.0,0.0,0.0,0.0,0.0,4.0,2.0,0.0,0.0,0.0,94.0,0.0,0.0,0.0,0.0,2.0,2.0,0.0,0.0,0.0,0.0,0.0,0.0,2.0,0.0,0.0,0.0,0.0,0.0,0.0,0.0,0.0,107.0,0.0,0.0,0.0,0.0,0.0,2.0,0.0,0.0,0.0,0.0,0.0,0.0,0.0,0.0,0.0,0.0,0.0,0.0,0.0,0.0,1.0,0.0,0.0,0.0,2.0,19.0,1.0,0.0,0.0,0.0,0
SRR17641784,0.0,187.0,0.0,0.0,4.0,0.0,0.0,0.0,0.0,0.0,0.0,9.0,15812.0,0.0,102.0,1.0,0.0,0.0,1605.0,4.0,0.0,2.0,0.0,1.0,1.0,0.0,0.0,0.0,364.0,6.0,0.0,0.0,0.0,398.0,0.0,30.0,5336.0,73.0,2255.0,0.0,0.0,0.0,0.0,0.0,0.0,49.0,0.0,0.0,0.0,0.0,340.0,0.0,0.0,0.0,0.0,0.0,3.0,0.0,0.0,4.0,0.0,0.0,0.0,2.0,0.0,1.0,1.0,0.0,0.0,65.0,0.0,0.0,33.0,0.0,0.0,0.0,0.0,0.0,2.0,2.0,1.0,0.0,0.0,0.0,0.0,0.0,0.0,0.0,1.0,0.0,0.0,1.0,0.0,0.0,0.0,0.0,0.0,4.0,183.0,0.0,0.0,1.0,0.0,1
SRR17641785,0.0,114.0,0.0,0.0,0.0,0.0,0.0,0.0,0.0,0.0,0.0,2.0,31658.0,0.0,48.0,0.0,0.0,0.0,365.0,0.0,0.0,0.0,0.0,1.0,0.0,0.0,0.0,0.0,252.0,0.0,0.0,0.0,0.0,329.0,0.0,12.0,726.0,64.0,2995.0,0.0,1.0,0.0,0.0,0.0,0.0,5.0,0.0,0.0,0.0,0.0,93.0,0.0,0.0,0.0,0.0,0.0,0.0,0.0,0.0,2.0,0.0,0.0,0.0,2.0,0.0,0.0,0.0,0.0,0.0,0.0,0.0,0.0,19.0,0.0,0.0,1.0,0.0,0.0,0.0,0.0,0.0,0.0,0.0,0.0,0.0,0.0,0.0,0.0,1.0,0.0,0.0,0.0,0.0,0.0,0.0,0.0,0.0,0.0,13.0,35.0,4.0,0.0,0.0,1
SRR17641786,0.0,340.0,0.0,0.0,1.0,1.0,0.0,0.0,0.0,0.0,0.0,2.0,8262.0,0.0,32.0,0.0,0.0,0.0,1043.0,0.0,0.0,0.0,0.0,0.0,0.0,0.0,0.0,0.0,843.0,0.0,0.0,0.0,0.0,3.0,0.0,40.0,5774.0,11.0,3612.0,0.0,0.0,0.0,0.0,0.0,0.0,0.0,0.0,0.0,0.0,0.0,11.0,0.0,0.0,0.0,0.0,0.0,0.0,0.0,0.0,0.0,0.0,0.0,0.0,1.0,0.0,0.0,0.0,0.0,0.0,0.0,1.0,0.0,0.0,0.0,0.0,1.0,0.0,0.0,0.0,0.0,0.0,0.0,0.0,0.0,15.0,0.0,0.0,0.0,0.0,0.0,0.0,0.0,0.0,0.0,0.0,0.0,0.0,0.0,88.0,0.0,0.0,0.0,0.0,1
SRR17641787,0.0,2.0,0.0,0.0,1.0,0.0,0.0,0.0,3828.0,0.0,0.0,0.0,7634.0,0.0,21.0,0.0,0.0,0.0,8.0,10.0,0.0,0.0,0.0,0.0,0.0,0.0,0.0,0.0,62.0,0.0,0.0,0.0,0.0,0.0,0.0,21.0,157.0,62.0,6209.0,0.0,0.0,0.0,0.0,0.0,0.0,0.0,0.0,0.0,0.0,0.0,113.0,0.0,0.0,0.0,0.0,0.0,0.0,0.0,0.0,0.0,0.0,0.0,0.0,0.0,0.0,0.0,0.0,0.0,0.0,0.0,0.0,0.0,101.0,0.0,0.0,1.0,0.0,0.0,0.0,0.0,0.0,0.0,0.0,0.0,11.0,0.0,0.0,0.0,24.0,0.0,0.0,0.0,0.0,0.0,0.0,0.0,0.0,0.0,20.0,33.0,0.0,2.0,0.0,1
SRR17641788,0.0,1077.0,0.0,0.0,1.0,2.0,0.0,0.0,0.0,0.0,0.0,0.0,15220.0,0.0,2.0,0.0,0.0,0.0,109.0,1.0,0.0,0.0,0.0,0.0,0.0,0.0,0.0,0.0,11.0,0.0,0.0,0.0,0.0,1.0,0.0,7.0,5807.0,56.0,1652.0,0.0,28.0,0.0,0.0,0.0,0.0,1.0,0.0,0.0,1.0,0.0,900.0,1.0,0.0,0.0,0.0,0.0,0.0,0.0,0.0,3.0,0.0,0.0,1.0,0.0,0.0,0.0,0.0,0.0,0.0,2.0,0.0,2.0,91.0,0.0,0.0,0.0,0.0,0.0,0.0,0.0,0.0,0.0,0.0,0.0,10.0,0.0,0.0,0.0,0.0,0.0,0.0,0.0,0.0,0.0,0.0,0.0,0.0,0.0,1173.0,0.0,0.0,0.0,0.0,1
SRR17641789,0.0,0.0,0.0,0.0,3.0,1.0,0.0,0.0,0.0,0.0,0.0,3.0,7526.0,0.0,1.0,0.0,0.0,0.0,5.0,1.0,0.0,0.0,0.0,0.0,0.0,0.0,0.0,1.0,40.0,3.0,0.0,0.0,0.0,1.0,0.0,1.0,8522.0,78.0,1583.0,1.0,2.0,0.0,1.0,0.0,0.0,56.0,0.0,0.0,0.0,0.0,501.0,0.0,0.0,0.0,0.0,0.0,0.0,0.0,0.0,3.0,2.0,0.0,0.0,1.0,0.0,0.0,0.0,0.0,0.0,68.0,0.0,0.0,1384.0,0.0,0.0,3.0,0.0,0.0,0.0,0.0,0.0,0.0,0.0,0.0,12.0,0.0,0.0,0.0,1.0,0.0,0.0,1.0,0.0,0.0,0.0,0.0,0.0,3.0,788.0,0.0,0.0,0.0,0.0,1
SRR17641790,0.0,343.0,0.0,0.0,0.0,0.0,0.0,0.0,0.0,0.0,0.0,1.0,21348.0,0.0,3.0,0.0,0.0,0.0,133.0,1.0,0.0,0.0,0.0,0.0,0.0,0.0,0.0,0.0,29.0,0.0,0.0,0.0,0.0,3.0,0.0,0.0,359.0,31.0,1890.0,0.0,3.0,0.0,0.0,0.0,0.0,1.0,0.0,0.0,0.0,0.0,32.0,0.0,0.0,0.0,0.0,0.0,0.0,0.0,0.0,1.0,0.0,0.0,0.0,0.0,0.0,0.0,0.0,0.0,0.0,0.0,0.0,0.0,45.0,0.0,0.0,0.0,0.0,0.0,0.0,1.0,2.0,0.0,0.0,0.0,0.0,0.0,0.0,0.0,0.0,0.0,0.0,0.0,0.0,0.0,0.0,0.0,0.0,0.0,9.0,0.0,0.0,0.0,0.0,1
SRR17641791,0.0,2233.0,0.0,0.0,0.0,0.0,0.0,0.0,0.0,0.0,0.0,1.0,14278.0,0.0,11.0,0.0,0.0,0.0,451.0,0.0,0.0,0.0,2.0,1.0,0.0,0.0,0.0,0.0,426.0,0.0,1.0,0.0,0.0,88.0,0.0,19.0,1212.0,16.0,1989.0,5.0,3.0,0.0,0.0,0.0,0.0,0.0,0.0,0.0,0.0,0.0,44.0,0.0,0.0,0.0,0.0,0.0,0.0,0.0,0.0,0.0,0.0,1.0,0.0,0.0,0.0,0.0,0.0,0.0,1.0,0.0,0.0,0.0,0.0,0.0,0.0,1.0,0.0,0.0,1.0,0.0,1.0,0.0,0.0,0.0,0.0,0.0,0.0,10.0,2.0,0.0,0.0,0.0,0.0,0.0,0.0,0.0,0.0,1.0,21.0,0.0,0.0,0.0,27.0,1
SRR17641792,0.0,188.0,0.0,0.0,0.0,429.0,0.0,0.0,0.0,0.0,0.0,0.0,26543.0,0.0,0.0,0.0,0.0,0.0,110.0,1.0,0.0,0.0,0.0,0.0,0.0,0.0,0.0,5.0,14.0,1.0,0.0,0.0,0.0,416.0,0.0,7.0,1327.0,11.0,1722.0,0.0,0.0,0.0,0.0,0.0,0.0,4.0,0.0,0.0,0.0,0.0,12.0,0.0,0.0,0.0,0.0,0.0,0.0,0.0,0.0,1.0,0.0,0.0,0.0,0.0,0.0,0.0,0.0,0.0,0.0,0.0,0.0,0.0,0.0,0.0,0.0,1.0,0.0,0.0,0.0,0.0,2.0,0.0,0.0,0.0,128.0,0.0,0.0,0.0,0.0,0.0,0.0,0.0,0.0,0.0,1.0,0.0,0.0,0.0,1122.0,0.0,0.0,0.0,0.0,1
SRR17641793,0.0,372.0,0.0,0.0,0.0,0.0,0.0,0.0,0.0,0.0,0.0,1.0,22613.0,0.0,79.0,0.0,0.0,0.0,115.0,0.0,0.0,0.0,0.0,1.0,0.0,0.0,0.0,0.0,299.0,0.0,0.0,0.0,0.0,436.0,0.0,30.0,183.0,60.0,4298.0,1.0,0.0,0.0,0.0,0.0,0.0,0.0,0.0,0.0,0.0,0.0,7.0,0.0,0.0,0.0,0.0,0.0,0.0,0.0,0.0,0.0,0.0,0.0,0.0,0.0,0.0,0.0,0.0,0.0,0.0,0.0,0.0,0.0,0.0,0.0,0.0,1.0,0.0,0.0,0.0,0.0,0.0,0.0,0.0,0.0,0.0,0.0,0.0,0.0,0.0,0.0,0.0,0.0,0.0,0.0,0.0,0.0,0.0,0.0,1008.0,249.0,0.0,0.0,1.0,1
SRR17641794,0.0,232.0,0.0,0.0,0.0,0.0,0.0,0.0,0.0,0.0,0.0,1.0,25627.0,0.0,170.0,1.0,0.0,0.0,431.0,0.0,0.0,0.0,0.0,0.0,0.0,0.0,0.0,0.0,319.0,0.0,0.0,0.0,0.0,0.0,0.0,45.0,185.0,12.0,6419.0,0.0,0.0,0.0,0.0,0.0,0.0,0.0,0.0,0.0,0.0,0.0,125.0,0.0,0.0,0.0,0.0,0.0,0.0,0.0,0.0,1.0,0.0,0.0,0.0,0.0,0.0,1.0,0.0,0.0,0.0,0.0,0.0,0.0,4.0,0.0,0.0,0.0,0.0,0.0,0.0,0.0,0.0,0.0,0.0,0.0,167.0,0.0,0.0,0.0,12.0,0.0,0.0,0.0,1.0,0.0,0.0,0.0,0.0,0.0,6.0,0.0,0.0,0.0,0.0,1
SRR17641795,0.0,925.0,0.0,0.0,0.0,0.0,0.0,0.0,0.0,0.0,0.0,0.0,27553.0,0.0,269.0,0.0,0.0,0.0,887.0,0.0,0.0,0.0,0.0,0.0,0.0,0.0,0.0,0.0,43.0,0.0,0.0,0.0,0.0,6.0,0.0,11.0,2915.0,18.0,2118.0,0.0,0.0,0.0,0.0,0.0,0.0,9.0,0.0,0.0,0.0,0.0,116.0,0.0,0.0,0.0,0.0,0.0,0.0,0.0,0.0,0.0,0.0,0.0,0.0,0.0,0.0,0.0,0.0,0.0,0.0,1.0,0.0,0.0,0.0,0.0,0.0,0.0,0.0,0.0,0.0,0.0,0.0,0.0,0.0,0.0,10.0,0.0,0.0,0.0,0.0,0.0,0.0,0.0,3.0,0.0,0.0,0.0,0.0,0.0,4.0,0.0,0.0,0.0,8.0,1
SRR17641796,0.0,499.0,0.0,0.0,0.0,0.0,0.0,0.0,0.0,0.0,0.0,0.0,25036.0,0.0,189.0,0.0,0.0,0.0,818.0,0.0,0.0,0.0,0.0,0.0,0.0,0.0,0.0,0.0,92.0,0.0,0.0,0.0,0.0,2.0,0.0,6.0,893.0,19.0,3062.0,0.0,1.0,0.0,0.0,0.0,0.0,0.0,0.0,0.0,0.0,0.0,260.0,0.0,0.0,0.0,0.0,0.0,0.0,0.0,0.0,6.0,0.0,0.0,0.0,0.0,0.0,0.0,0.0,0.0,0.0,0.0,0.0,0.0,0.0,0.0,0.0,0.0,0.0,0.0,0.0,0.0,0.0,0.0,0.0,0.0,210.0,0.0,0.0,0.0,0.0,0.0,0.0,0.0,1.0,0.0,0.0,0.0,0.0,0.0,5.0,0.0,0.0,0.0,0.0,1
SRR17641797,0.0,0.0,0.0,0.0,4.0,764.0,1.0,0.0,0.0,0.0,0.0,14.0,3400.0,0.0,55.0,0.0,0.0,0.0,72.0,1.0,0.0,0.0,0.0,118.0,0.0,0.0,0.0,0.0,568.0,13.0,0.0,3.0,0.0,128.0,0.0,2.0,6437.0,94.0,2456.0,5.0,21.0,0.0,0.0,0.0,0.0,498.0,0.0,0.0,0.0,0.0,57.0,0.0,0.0,0.0,0.0,5.0,0.0,0.0,0.0,28.0,0.0,0.0,0.0,0.0,0.0,0.0,0.0,0.0,0.0,124.0,0.0,0.0,9.0,0.0,0.0,146.0,0.0,0.0,0.0,0.0,0.0,2.0,1.0,0.0,0.0,0.0,0.0,0.0,1.0,0.0,0.0,0.0,31.0,0.0,0.0,0.0,0.0,36.0,232.0,1042.0,0.0,0.0,90.0,1
SRR17641798,0.0,410.0,0.0,0.0,0.0,0.0,0.0,0.0,0.0,0.0,0.0,0.0,33178.0,0.0,376.0,0.0,0.0,0.0,231.0,0.0,0.0,0.0,0.0,0.0,0.0,0.0,0.0,5.0,590.0,0.0,0.0,0.0,0.0,285.0,0.0,210.0,775.0,32.0,2725.0,0.0,0.0,0.0,0.0,0.0,0.0,8.0,0.0,0.0,0.0,0.0,51.0,0.0,0.0,0.0,0.0,0.0,0.0,0.0,0.0,2.0,0.0,0.0,0.0,0.0,0.0,0.0,0.0,0.0,1.0,3.0,0.0,0.0,0.0,0.0,0.0,0.0,0.0,0.0,0.0,0.0,0.0,0.0,0.0,0.0,0.0,0.0,0.0,0.0,0.0,0.0,0.0,0.0,0.0,0.0,0.0,0.0,0.0,1.0,415.0,0.0,0.0,0.0,2.0,0
SRR17641799,0.0,54.0,0.0,0.0,1.0,0.0,0.0,0.0,0.0,0.0,0.0,2.0,7989.0,0.0,304.0,0.0,0.0,0.0,148.0,0.0,0.0,0.0,0.0,0.0,0.0,0.0,0.0,0.0,474.0,0.0,0.0,0.0,0.0,135.0,0.0,55.0,724.0,269.0,6509.0,0.0,1.0,0.0,0.0,0.0,0.0,0.0,0.0,0.0,0.0,0.0,56.0,0.0,0.0,0.0,1.0,0.0,0.0,0.0,0.0,3.0,0.0,0.0,0.0,0.0,0.0,0.0,0.0,0.0,0.0,1.0,0.0,0.0,1.0,0.0,0.0,0.0,0.0,0.0,0.0,0.0,0.0,0.0,0.0,0.0,32.0,0.0,0.0,0.0,0.0,0.0,0.0,0.0,49.0,0.0,0.0,0.0,0.0,1.0,1314.0,2704.0,0.0,0.0,0.0,1
SRR17641800,0.0,77.0,0.0,0.0,2.0,0.0,0.0,0.0,0.0,0.0,0.0,11.0,22430.0,0.0,75.0,0.0,0.0,0.0,382.0,1.0,0.0,0.0,0.0,0.0,0.0,0.0,0.0,0.0,87.0,0.0,1.0,0.0,0.0,2.0,0.0,11.0,3321.0,10.0,2112.0,0.0,0.0,0.0,0.0,0.0,0.0,0.0,0.0,0.0,0.0,0.0,547.0,0.0,0.0,0.0,0.0,0.0,0.0,0.0,0.0,13.0,0.0,0.0,0.0,1.0,0.0,0.0,0.0,0.0,0.0,2.0,0.0,0.0,2.0,0.0,0.0,0.0,0.0,0.0,0.0,0.0,0.0,0.0,0.0,0.0,1.0,0.0,0.0,0.0,0.0,0.0,0.0,0.0,0.0,0.0,0.0,0.0,1.0,1.0,45.0,0.0,0.0,0.0,0.0,1
SRR17641801,0.0,579.0,0.0,0.0,0.0,0.0,0.0,0.0,0.0,0.0,0.0,0.0,37243.0,0.0,72.0,0.0,0.0,0.0,347.0,4.0,0.0,0.0,0.0,0.0,0.0,0.0,0.0,0.0,69.0,0.0,0.0,0.0,0.0,1.0,0.0,4.0,9.0,4.0,7544.0,0.0,0.0,0.0,0.0,0.0,0.0,0.0,0.0,0.0,0.0,1.0,313.0,0.0,0.0,0.0,0.0,0.0,0.0,0.0,0.0,1.0,0.0,0.0,0.0,0.0,0.0,0.0,0.0,0.0,0.0,0.0,0.0,0.0,60.0,0.0,0.0,0.0,0.0,0.0,0.0,0.0,0.0,0.0,0.0,0.0,73.0,0.0,0.0,0.0,1.0,0.0,0.0,0.0,0.0,0.0,0.0,0.0,0.0,1.0,116.0,0.0,0.0,0.0,0.0,1
SRR17641802,0.0,298.0,0.0,0.0,0.0,0.0,0.0,0.0,0.0,0.0,0.0,5.0,3758.0,0.0,1035.0,0.0,0.0,0.0,28.0,0.0,0.0,0.0,0.0,0.0,0.0,0.0,0.0,0.0,3743.0,0.0,0.0,0.0,0.0,54.0,0.0,399.0,5355.0,19.0,2215.0,0.0,8.0,0.0,0.0,0.0,0.0,6.0,0.0,0.0,0.0,0.0,46.0,0.0,0.0,0.0,0.0,0.0,0.0,0.0,0.0,1.0,0.0,0.0,0.0,0.0,0.0,0.0,0.0,0.0,0.0,4.0,0.0,0.0,1.0,0.0,0.0,0.0,0.0,0.0,0.0,0.0,0.0,0.0,0.0,0.0,62.0,0.0,0.0,0.0,1.0,0.0,0.0,0.0,0.0,0.0,0.0,0.0,0.0,0.0,1183.0,315.0,0.0,0.0,0.0,1
SRR17641803,0.0,184.0,0.0,0.0,0.0,0.0,0.0,0.0,0.0,0.0,0.0,0.0,8695.0,0.0,1055.0,0.0,0.0,0.0,472.0,0.0,0.0,0.0,0.0,0.0,0.0,0.0,0.0,0.0,946.0,0.0,0.0,0.0,0.0,368.0,0.0,351.0,2736.0,12.0,3351.0,0.0,15.0,0.0,0.0,0.0,0.0,5.0,0.0,0.0,0.0,0.0,90.0,0.0,0.0,0.0,0.0,0.0,0.0,0.0,0.0,7.0,0.0,0.0,0.0,0.0,0.0,1.0,0.0,0.0,0.0,1.0,1.0,0.0,1.0,0.0,0.0,1.0,0.0,3.0,0.0,0.0,0.0,0.0,0.0,0.0,82.0,0.0,0.0,0.0,0.0,0.0,0.0,0.0,0.0,0.0,0.0,0.0,0.0,1.0,181.0,98.0,0.0,0.0,0.0,1
SRR17641804,0.0,595.0,0.0,0.0,2.0,0.0,0.0,0.0,0.0,0.0,0.0,26.0,18219.0,0.0,1125.0,0.0,0.0,0.0,283.0,0.0,0.0,0.0,0.0,0.0,0.0,0.0,0.0,0.0,1443.0,0.0,0.0,0.0,0.0,535.0,0.0,54.0,771.0,111.0,1952.0,0.0,343.0,0.0,0.0,0.0,0.0,3.0,0.0,0.0,0.0,0.0,159.0,0.0,0.0,0.0,0.0,0.0,0.0,0.0,0.0,3.0,0.0,0.0,0.0,0.0,0.0,2.0,0.0,0.0,0.0,0.0,0.0,0.0,1.0,0.0,0.0,0.0,0.0,0.0,0.0,0.0,0.0,0.0,0.0,0.0,1.0,0.0,0.0,0.0,1.0,0.0,0.0,0.0,27.0,0.0,0.0,0.0,0.0,0.0,60.0,3256.0,0.0,0.0,0.0,1
SRR17641805,0.0,168.0,0.0,0.0,0.0,0.0,0.0,0.0,41.0,0.0,0.0,2.0,17143.0,0.0,0.0,0.0,0.0,0.0,423.0,0.0,0.0,0.0,0.0,0.0,0.0,0.0,0.0,0.0,113.0,0.0,0.0,0.0,0.0,159.0,0.0,8.0,3004.0,5.0,3072.0,0.0,1.0,0.0,0.0,0.0,0.0,0.0,0.0,0.0,0.0,0.0,8.0,0.0,0.0,0.0,0.0,0.0,0.0,0.0,0.0,6.0,1.0,0.0,0.0,0.0,0.0,2.0,0.0,0.0,0.0,0.0,0.0,0.0,40.0,0.0,0.0,0.0,0.0,0.0,0.0,0.0,0.0,0.0,0.0,0.0,21.0,0.0,0.0,0.0,1.0,0.0,0.0,0.0,1.0,0.0,0.0,1.0,0.0,0.0,4.0,7.0,0.0,1.0,0.0,0
SRR17641806,0.0,283.0,0.0,11.0,1.0,0.0,0.0,0.0,0.0,1.0,0.0,1.0,23530.0,0.0,396.0,0.0,0.0,0.0,96.0,0.0,0.0,0.0,0.0,2.0,0.0,0.0,0.0,0.0,2291.0,1.0,3.0,0.0,0.0,0.0,0.0,205.0,900.0,18.0,3252.0,0.0,804.0,0.0,0.0,0.0,0.0,11.0,0.0,0.0,0.0,0.0,123.0,0.0,0.0,0.0,0.0,0.0,3.0,0.0,0.0,0.0,0.0,0.0,1.0,0.0,0.0,0.0,0.0,0.0,0.0,0.0,0.0,0.0,0.0,0.0,0.0,3.0,0.0,0.0,0.0,0.0,0.0,0.0,0.0,0.0,1708.0,0.0,1.0,0.0,1.0,0.0,0.0,3.0,0.0,0.0,0.0,0.0,0.0,2.0,72.0,115.0,0.0,0.0,0.0,0
SRR17641807,0.0,54.0,0.0,0.0,0.0,0.0,0.0,0.0,2.0,0.0,0.0,0.0,4526.0,0.0,563.0,0.0,0.0,0.0,26.0,0.0,0.0,0.0,0.0,0.0,0.0,0.0,0.0,0.0,662.0,0.0,0.0,0.0,0.0,0.0,0.0,20.0,1.0,7.0,12613.0,0.0,0.0,0.0,0.0,0.0,0.0,0.0,0.0,0.0,0.0,0.0,217.0,0.0,0.0,0.0,0.0,0.0,0.0,0.0,0.0,0.0,0.0,0.0,0.0,0.0,0.0,0.0,0.0,0.0,0.0,0.0,0.0,0.0,4.0,0.0,0.0,0.0,0.0,0.0,0.0,0.0,0.0,0.0,0.0,0.0,341.0,0.0,0.0,0.0,2.0,0.0,0.0,0.0,0.0,0.0,0.0,0.0,0.0,0.0,1886.0,0.0,0.0,0.0,0.0,1
SRR17641808,0.0,21.0,0.0,0.0,0.0,0.0,0.0,0.0,0.0,0.0,0.0,2.0,13296.0,0.0,613.0,0.0,0.0,0.0,558.0,0.0,0.0,0.0,0.0,0.0,0.0,0.0,0.0,0.0,613.0,0.0,0.0,0.0,0.0,133.0,0.0,63.0,77.0,180.0,11388.0,0.0,2.0,0.0,0.0,0.0,0.0,0.0,0.0,0.0,1.0,0.0,113.0,0.0,0.0,0.0,0.0,0.0,0.0,0.0,0.0,1.0,0.0,0.0,0.0,0.0,0.0,0.0,0.0,0.0,0.0,0.0,0.0,0.0,14.0,0.0,0.0,0.0,0.0,1.0,0.0,0.0,0.0,0.0,0.0,0.0,0.0,0.0,0.0,0.0,11.0,0.0,0.0,0.0,0.0,0.0,0.0,0.0,0.0,2.0,69.0,79.0,0.0,0.0,0.0,1
SRR17641809,1.0,22.0,0.0,0.0,0.0,0.0,0.0,0.0,0.0,0.0,0.0,3.0,15159.0,0.0,314.0,0.0,0.0,0.0,189.0,0.0,0.0,0.0,0.0,0.0,0.0,0.0,0.0,0.0,889.0,0.0,0.0,0.0,0.0,171.0,0.0,46.0,137.0,154.0,8812.0,0.0,0.0,0.0,0.0,0.0,0.0,0.0,0.0,0.0,0.0,0.0,71.0,0.0,0.0,0.0,0.0,0.0,0.0,0.0,0.0,0.0,0.0,0.0,1.0,0.0,1.0,0.0,0.0,0.0,0.0,0.0,0.0,0.0,2.0,0.0,0.0,0.0,0.0,0.0,0.0,0.0,1.0,0.0,0.0,0.0,0.0,0.0,0.0,0.0,0.0,0.0,0.0,0.0,0.0,0.0,0.0,0.0,0.0,0.0,29.0,70.0,0.0,0.0,0.0,1
